{
    "mean_f2": 0.7243194355757826,
    "per_class_f2": {
        "primary": 0.9841477793790121,
        "clear": 0.9120687890265124,
        "agriculture": 0.5993363749481544,
        "road": 0.40797091692473414,
        "water": 0.029865604778496757,
        "partly_cloudy": 0.5547391623806025,
        "cultivation": 0.0,
        "habitation": 0.0384985563041386,
        "haze": 0.002416626389560174,
        "cloudy": 0.07007921998781232,
        "bare_ground": 0.0,
        "selective_logging": 0.0,
        "artisinal_mine": 0.0,
        "blooming": 0.0,
        "slash_burn": 0.0,
        "conventional_mine": 0.0,
        "blow_down": 0.0
    },
    "time_feature_extraction": 1817.7136158943176,
    "time_training": 686.1123261451721
}