{
    "mean_f2": 0.7773950403759464,
    "per_class_f2": {
        "primary": 0.9830253828514194,
        "clear": 0.9400404761088054,
        "agriculture": 0.6864548494983278,
        "road": 0.4905735528412108,
        "water": 0.23332807819643703,
        "partly_cloudy": 0.7350821562409918,
        "cultivation": 0.05277401894451962,
        "habitation": 0.4310095458490021,
        "haze": 0.00483558994197292,
        "cloudy": 0.39429530201342283,
        "bare_ground": 0.0,
        "selective_logging": 0.0,
        "artisinal_mine": 0.07407407407407408,
        "blooming": 0.0,
        "slash_burn": 0.0,
        "conventional_mine": 0.0,
        "blow_down": 0.0
    },
    "time_feature_extraction": 1102.6280446052551,
    "time_training": 144.71187710762024
}