{
    "mean_f2": 0.7957607663497389,
    "per_class_f2": {
        "primary": 0.9838335355240256,
        "clear": 0.9507331780183637,
        "agriculture": 0.7462195923734385,
        "road": 0.5841212278202305,
        "water": 0.26188242651657284,
        "partly_cloudy": 0.7599942479148692,
        "cultivation": 0.05939524838012959,
        "habitation": 0.4908675799086758,
        "haze": 0.026442307692307696,
        "cloudy": 0.445983379501385,
        "bare_ground": 0.0,
        "selective_logging": 0.0,
        "artisinal_mine": 0.09225092250922509,
        "blooming": 0.0,
        "slash_burn": 0.0,
        "conventional_mine": 0.0,
        "blow_down": 0.0
    },
    "time_feature_extraction": 989.7799661159515,
    "time_training": 457.75343203544617
}