{
    "mean_f2": 0.7930068757755266,
    "per_class_f2": {
        "primary": 0.9841554401413093,
        "clear": 0.948036357400103,
        "agriculture": 0.7274005458605576,
        "road": 0.5679156908665105,
        "water": 0.2778211331356329,
        "partly_cloudy": 0.7595573440643864,
        "cultivation": 0.06086015688395997,
        "habitation": 0.4863091842555618,
        "haze": 0.01446480231436837,
        "cloudy": 0.4363535297387437,
        "bare_ground": 0.0,
        "selective_logging": 0.0,
        "artisinal_mine": 0.18050541516245489,
        "blooming": 0.0,
        "slash_burn": 0.0,
        "conventional_mine": 0.0,
        "blow_down": 0.0
    },
    "time_feature_extraction": 625.3424220085144,
    "time_training": 210.4138150215149
}