{
    "mean_f2": 0.8257075928122436,
    "per_class_f2": {
        "primary": 0.9859732698160646,
        "clear": 0.9535772049967308,
        "agriculture": 0.7315358531138864,
        "road": 0.549400417101147,
        "water": 0.5521427526692995,
        "partly_cloudy": 0.6899087967049132,
        "cultivation": 0.08962011771000536,
        "habitation": 0.20852641334569047,
        "haze": 0.49331103678929766,
        "cloudy": 0.7533197139938714,
        "bare_ground": 0.0,
        "selective_logging": 0.0,
        "artisinal_mine": 0.40955631399317405,
        "blooming": 0.0,
        "slash_burn": 0.0,
        "conventional_mine": 0.0,
        "blow_down": 0.0
    },
    "time_feature_extraction": 1.7047240000001693,
    "time_training": 442.2770999999998
}