{
    "mean_f2": 0.7208946624858849,
    "per_class_f2": {
        "primary": 0.9846302890657729,
        "clear": 0.9056165972838326,
        "agriculture": 0.5961824491819534,
        "road": 0.3961398299365636,
        "water": 0.048760330578512395,
        "partly_cloudy": 0.5429568251199302,
        "cultivation": 0.0027434842249657062,
        "habitation": 0.03531300160513644,
        "haze": 0.0,
        "cloudy": 0.027743526510480888,
        "bare_ground": 0.0,
        "selective_logging": 0.0,
        "artisinal_mine": 0.0,
        "blooming": 0.0,
        "slash_burn": 0.0,
        "conventional_mine": 0.0,
        "blow_down": 0.0
    },
    "time_feature_extraction": 504.62752985954285,
    "time_training": 1051.9568901062012
}