{
    "mean_f2": 0.7247496323508215,
    "per_class_f2": {
        "primary": 0.9850945669827631,
        "clear": 0.9137836729112538,
        "agriculture": 0.6083997343957502,
        "road": 0.3895838999184117,
        "water": 0.03731343283582089,
        "partly_cloudy": 0.5537579055743491,
        "cultivation": 0.0013702384214853386,
        "habitation": 0.04163997437540038,
        "haze": 0.0,
        "cloudy": 0.05828220858895706,
        "bare_ground": 0.0,
        "selective_logging": 0.0,
        "artisinal_mine": 0.0,
        "blooming": 0.0,
        "slash_burn": 0.0,
        "conventional_mine": 0.0,
        "blow_down": 0.0
    },
    "time_feature_extraction": 862.0152966976166,
    "time_training": 154.69387912750244
}