{
    "mean_f2": 0.7310770256938546,
    "per_class_f2": {
        "primary": 0.9857105401153645,
        "clear": 0.9192205310217733,
        "agriculture": 0.6170780520346898,
        "road": 0.43667829353367316,
        "water": 0.04061671087533157,
        "partly_cloudy": 0.5618977020014826,
        "cultivation": 0.0013732491073880802,
        "habitation": 0.03536977491961415,
        "haze": 0.0,
        "cloudy": 0.11811023622047243,
        "bare_ground": 0.0,
        "selective_logging": 0.0,
        "artisinal_mine": 0.0,
        "blooming": 0.0,
        "slash_burn": 0.0,
        "conventional_mine": 0.0,
        "blow_down": 0.0
    },
    "time_feature_extraction": 2172.6306841373444,
    "time_training": 171.4815390110016
}