{
    "mean_f2": 0.734933901513352,
    "per_class_f2": {
        "primary": 0.9857105401153645,
        "clear": 0.9245746240665599,
        "agriculture": 0.6237516644474034,
        "road": 0.4301075268817204,
        "water": 0.06991281460766573,
        "partly_cloudy": 0.5800206886360278,
        "cultivation": 0.002745744096650192,
        "habitation": 0.03536977491961415,
        "haze": 0.0,
        "cloudy": 0.11529126213592232,
        "bare_ground": 0.0,
        "selective_logging": 0.0,
        "artisinal_mine": 0.0,
        "blooming": 0.0,
        "slash_burn": 0.0,
        "conventional_mine": 0.0,
        "blow_down": 0.0
    },
    "time_feature_extraction": 3280.8583562374115,
    "time_training": 823.9643609523773
}