{
    "mean_f2": 0.745976652937715,
    "per_class_f2": {
        "primary": 0.9834747772916556,
        "clear": 0.9204253129823355,
        "agriculture": 0.6363263632636326,
        "road": 0.3930455959951292,
        "water": 0.13581244947453516,
        "partly_cloudy": 0.5620041140170438,
        "cultivation": 0.0013717421124828531,
        "habitation": 0.0935616872819537,
        "haze": 0.12155212716222533,
        "cloudy": 0.38845726970033295,
        "bare_ground": 0.0,
        "selective_logging": 0.0,
        "artisinal_mine": 0.0,
        "blooming": 0.0,
        "slash_burn": 0.0,
        "conventional_mine": 0.0,
        "blow_down": 0.0
    },
    "time_feature_extraction": 828.9542992115021,
    "time_training": 188.80625891685486
}