{
    "mean_f2": 0.7424529614187352,
    "per_class_f2": {
        "primary": 0.9832437559279167,
        "clear": 0.9180170282889315,
        "agriculture": 0.6307122272540139,
        "road": 0.37883959044368604,
        "water": 0.11083944580277098,
        "partly_cloudy": 0.5847655112146811,
        "cultivation": 0.00274423710208562,
        "habitation": 0.056017925736235596,
        "haze": 0.09198113207547168,
        "cloudy": 0.3693340794627868,
        "bare_ground": 0.0,
        "selective_logging": 0.0,
        "artisinal_mine": 0.0,
        "blooming": 0.0,
        "slash_burn": 0.0,
        "conventional_mine": 0.0,
        "blow_down": 0.0
    },
    "time_feature_extraction": 1353.1065909862518,
    "time_training": 303.1256000995636
}