{
    "mean_f2": 0.7491533314515328,
    "per_class_f2": {
        "primary": 0.9821310739831606,
        "clear": 0.9138251065585041,
        "agriculture": 0.5836186023211155,
        "road": 0.4206526012318176,
        "water": 0.20422535211267606,
        "partly_cloudy": 0.5667838312829525,
        "cultivation": 0.0027247956403269754,
        "habitation": 0.13650306748466257,
        "haze": 0.24254561637739205,
        "cloudy": 0.4668105774419859,
        "bare_ground": 0.0,
        "selective_logging": 0.0,
        "artisinal_mine": 0.055762081784386616,
        "blooming": 0.0,
        "slash_burn": 0.0,
        "conventional_mine": 0.0,
        "blow_down": 0.0
    },
    "time_feature_extraction": 453.9093632698059,
    "time_training": 42.08472800254822
}