{
    "mean_f2": 0.7481586226730985,
    "per_class_f2": {
        "primary": 0.9829690754264321,
        "clear": 0.9190570958001646,
        "agriculture": 0.6271172436585971,
        "road": 0.4176690724405239,
        "water": 0.15163671373555843,
        "partly_cloudy": 0.5662597440800118,
        "cultivation": 0.002741979709350151,
        "habitation": 0.12084118016321406,
        "haze": 0.17652453003209537,
        "cloudy": 0.39757040309221425,
        "bare_ground": 0.0,
        "selective_logging": 0.0,
        "artisinal_mine": 0.018867924528301886,
        "blooming": 0.0,
        "slash_burn": 0.0,
        "conventional_mine": 0.0,
        "blow_down": 0.0
    },
    "time_feature_extraction": 607.6940879821777,
    "time_training": 110.56250405311584
}