{
    "mean_f2": 0.747696111184429,
    "per_class_f2": {
        "primary": 0.9827618018397953,
        "clear": 0.9201507882111035,
        "agriculture": 0.6300491380028317,
        "road": 0.42688647634365373,
        "water": 0.1602254428341385,
        "partly_cloudy": 0.5522609340252039,
        "cultivation": 0.0,
        "habitation": 0.11521464646464644,
        "haze": 0.14630747793776125,
        "cloudy": 0.38697104677060135,
        "bare_ground": 0.0,
        "selective_logging": 0.0,
        "artisinal_mine": 0.018867924528301886,
        "blooming": 0.0,
        "slash_burn": 0.0,
        "conventional_mine": 0.0,
        "blow_down": 0.0
    },
    "time_feature_extraction": 2239.356192111969,
    "time_training": 182.90125608444214
}