{
    "mean_f2": 0.7969731728730344,
    "per_class_f2": {
        "primary": 0.9838637382339759,
        "clear": 0.9521198204064846,
        "agriculture": 0.747575209600526,
        "road": 0.5899457224088912,
        "water": 0.26426896012509776,
        "partly_cloudy": 0.7612133410005751,
        "cultivation": 0.05408328826392646,
        "habitation": 0.49900199600798395,
        "haze": 0.019258545979778528,
        "cloudy": 0.44850498338870426,
        "bare_ground": 0.0,
        "selective_logging": 0.0,
        "artisinal_mine": 0.11029411764705883,
        "blooming": 0.0,
        "slash_burn": 0.0,
        "conventional_mine": 0.0,
        "blow_down": 0.0
    },
    "time_feature_extraction": 238.2166941165924,
    "time_training": 103.90208792686462
}