{
    "mean_f2": 0.7679957427983222,
    "per_class_f2": {
        "primary": 0.9788046340179042,
        "clear": 0.9199026630565171,
        "agriculture": 0.6811955168119551,
        "road": 0.5766273705791901,
        "water": 0.33638684487160236,
        "partly_cloudy": 0.6764366156511696,
        "cultivation": 0.06672004270082732,
        "habitation": 0.4024144869215292,
        "haze": 0.014347202295552369,
        "cloudy": 0.26745495495495497,
        "bare_ground": 0.0,
        "selective_logging": 0.0,
        "artisinal_mine": 0.23049645390070925,
        "blooming": 0.0,
        "slash_burn": 0.0,
        "conventional_mine": 0.0,
        "blow_down": 0.0
    },
    "time_feature_extraction": 882.15846991539,
    "time_training": 121.12786221504211
}