{
    "mean_f2": 0.7434245056638368,
    "per_class_f2": {
        "primary": 0.9773594840068449,
        "clear": 0.9043786659391624,
        "agriculture": 0.6346328195829556,
        "road": 0.4236739974126779,
        "water": 0.3041307308216069,
        "partly_cloudy": 0.6101299080426216,
        "cultivation": 0.053361792956243326,
        "habitation": 0.2098214285714286,
        "haze": 0.00477326968973747,
        "cloudy": 0.2484472049689441,
        "bare_ground": 0.0,
        "selective_logging": 0.0,
        "artisinal_mine": 0.03663003663003663,
        "blooming": 0.0,
        "slash_burn": 0.0,
        "conventional_mine": 0.0,
        "blow_down": 0.0
    },
    "time_feature_extraction": 796.6132490634918,
    "time_training": 80.03906607627869
}