{
    "mean_f2": 0.758857308359758,
    "per_class_f2": {
        "primary": 0.9831646272167455,
        "clear": 0.898628626559162,
        "agriculture": 0.5981697171381032,
        "road": 0.43174560936668444,
        "water": 0.3019213174748399,
        "partly_cloudy": 0.49970211498361633,
        "cultivation": 0.0013691128148959474,
        "habitation": 0.2050570459451126,
        "haze": 0.39551607445008446,
        "cloudy": 0.585609243697479,
        "bare_ground": 0.0,
        "selective_logging": 0.0,
        "artisinal_mine": 0.3125,
        "blooming": 0.0,
        "slash_burn": 0.0,
        "conventional_mine": 0.0,
        "blow_down": 0.0
    },
    "time_feature_extraction": 0.9035660000000689,
    "time_training": 273.87742000000003
}