{
    "mean_f2": 0.7677476935422755,
    "per_class_f2": {
        "primary": 0.9829217998202295,
        "clear": 0.9183393848050968,
        "agriculture": 0.6149236093525787,
        "road": 0.4357459379615952,
        "water": 0.3398354160316977,
        "partly_cloudy": 0.5088328552015703,
        "cultivation": 0.0,
        "habitation": 0.17973349860551596,
        "haze": 0.32138172278093574,
        "cloudy": 0.6376360808709175,
        "bare_ground": 0.0,
        "selective_logging": 0.0,
        "artisinal_mine": 0.265017667844523,
        "blooming": 0.0,
        "slash_burn": 0.0,
        "conventional_mine": 0.0,
        "blow_down": 0.0
    },
    "time_feature_extraction": 216.7620711326599,
    "time_training": 37.967888832092285
}