{
    "mean_f2": 0.7074426461162135,
    "per_class_f2": {
        "primary": 0.977069321612032,
        "clear": 0.8457932733431416,
        "agriculture": 0.49740629183400276,
        "road": 0.27055702917771884,
        "water": 0.47584921886197507,
        "partly_cloudy": 0.1408783252006926,
        "cultivation": 0.07210919392222509,
        "habitation": 0.06301875192130342,
        "haze": 0.36451748841129367,
        "cloudy": 0.5005268703898841,
        "bare_ground": 0.01360544217687075,
        "selective_logging": 0.0,
        "artisinal_mine": 0.0,
        "blooming": 0.0,
        "slash_burn": 0.0,
        "conventional_mine": 0.0,
        "blow_down": 0.0
    },
    "time_feature_extraction": 0.37656000000000134,
    "time_training": 154.855878
}