{
    "mean_f2": 0.7152993889583878,
    "per_class_f2": {
        "primary": 0.9845312254619691,
        "clear": 0.9133158557761057,
        "agriculture": 0.551967366363559,
        "road": 0.2904128761371588,
        "water": 0.04893828798938288,
        "partly_cloudy": 0.5451435371114086,
        "cultivation": 0.0,
        "habitation": 0.004854368932038835,
        "haze": 0.0,
        "cloudy": 0.021671826625386994,
        "bare_ground": 0.0,
        "selective_logging": 0.0,
        "artisinal_mine": 0.0,
        "blooming": 0.0,
        "slash_burn": 0.0,
        "conventional_mine": 0.0,
        "blow_down": 0.0
    },
    "time_feature_extraction": 782.4508979320526,
    "time_training": 495.02815532684326
}