{
    "mean_f2": 0.8254044995586767,
    "per_class_f2": {
        "primary": 0.9852894486189016,
        "clear": 0.9525041390728477,
        "agriculture": 0.7358053302433372,
        "road": 0.5476006191950465,
        "water": 0.5714493174557073,
        "partly_cloudy": 0.6997956800934034,
        "cultivation": 0.14898065865133298,
        "habitation": 0.22595419847328246,
        "haze": 0.5085809962327333,
        "cloudy": 0.6801661474558671,
        "bare_ground": 0.006896551724137931,
        "selective_logging": 0.0,
        "artisinal_mine": 0.45608108108108114,
        "blooming": 0.0,
        "slash_burn": 0.0,
        "conventional_mine": 0.0,
        "blow_down": 0.0
    },
    "time_feature_extraction": 177.7826759815216,
    "time_training": 49.353760957717896
}