{
    "mean_f2": 0.835025805330019,
    "per_class_f2": {
        "primary": 0.9852575300407601,
        "clear": 0.9569138276553107,
        "agriculture": 0.7410018245148449,
        "road": 0.5875145105120598,
        "water": 0.555231710871466,
        "partly_cloudy": 0.7422441287329662,
        "cultivation": 0.1592273557817802,
        "habitation": 0.3939660222612771,
        "haze": 0.5322245322245323,
        "cloudy": 0.7069408740359897,
        "bare_ground": 0.0,
        "selective_logging": 0.0,
        "artisinal_mine": 0.47297297297297297,
        "blooming": 0.0,
        "slash_burn": 0.0,
        "conventional_mine": 0.0,
        "blow_down": 0.0
    },
    "time_feature_extraction": 271.21984791755676,
    "time_training": 43.03756594657898
}