{
    "mean_f2": 0.8252554157141521,
    "per_class_f2": {
        "primary": 0.9830553349218958,
        "clear": 0.9513113791077784,
        "agriculture": 0.7293133438250642,
        "road": 0.5617616846430407,
        "water": 0.5582946635730859,
        "partly_cloudy": 0.7175993041461294,
        "cultivation": 0.17201241593378172,
        "habitation": 0.21805428484293995,
        "haze": 0.5193186539260489,
        "cloudy": 0.6811145510835914,
        "bare_ground": 0.006887052341597796,
        "selective_logging": 0.0,
        "artisinal_mine": 0.35836177474402725,
        "blooming": 0.0,
        "slash_burn": 0.0,
        "conventional_mine": 0.0,
        "blow_down": 0.0
    },
    "time_feature_extraction": 425.82766,
    "time_training": 357.69418399999995
}