{
    "mean_f2": 0.8301136828410951,
    "per_class_f2": {
        "primary": 0.9858893918936807,
        "clear": 0.9536775349831116,
        "agriculture": 0.7435727866413162,
        "road": 0.5579399141630902,
        "water": 0.5511695906432749,
        "partly_cloudy": 0.7037199765670766,
        "cultivation": 0.1177560201111405,
        "habitation": 0.2605912831453825,
        "haze": 0.5226988754685548,
        "cloudy": 0.7489775051124745,
        "bare_ground": 0.0,
        "selective_logging": 0.0,
        "artisinal_mine": 0.44067796610169485,
        "blooming": 0.0,
        "slash_burn": 0.0,
        "conventional_mine": 0.0,
        "blow_down": 0.0
    },
    "time_feature_extraction": 283.9832639694214,
    "time_training": 54.78213810920715
}