{
    "mean_f2": 0.7233304450390282,
    "per_class_f2": {
        "primary": 0.9840571742715778,
        "clear": 0.9099574468085105,
        "agriculture": 0.5887002829089698,
        "road": 0.3581210627225418,
        "water": 0.08280045909165437,
        "partly_cloudy": 0.5748122472559214,
        "cultivation": 0.0,
        "habitation": 0.0032362459546925564,
        "haze": 0.0,
        "cloudy": 0.01852995676343422,
        "bare_ground": 0.0,
        "selective_logging": 0.0,
        "artisinal_mine": 0.0,
        "blooming": 0.0,
        "slash_burn": 0.0,
        "conventional_mine": 0.0,
        "blow_down": 0.0
    },
    "time_feature_extraction": 1913.6997179985046,
    "time_training": 402.06452775001526
}