{
    "mean_f2": 0.7353235045475505,
    "per_class_f2": {
        "primary": 0.9855536037335152,
        "clear": 0.9250860981348246,
        "agriculture": 0.6280716368179925,
        "road": 0.4290894439967768,
        "water": 0.06995884773662552,
        "partly_cloudy": 0.575247378526067,
        "cultivation": 0.0054869684499314125,
        "habitation": 0.0321853878339234,
        "haze": 0.0,
        "cloudy": 0.11811023622047243,
        "bare_ground": 0.0,
        "selective_logging": 0.0,
        "artisinal_mine": 0.0,
        "blooming": 0.0,
        "slash_burn": 0.0,
        "conventional_mine": 0.0,
        "blow_down": 0.0
    },
    "time_feature_extraction": 1694.6040587425232,
    "time_training": 183.9791760444641
}