{
    "mean_f2": 0.8239034765806217,
    "per_class_f2": {
        "primary": 0.9844155156903212,
        "clear": 0.9522657357160139,
        "agriculture": 0.736219169011753,
        "road": 0.5476190476190477,
        "water": 0.4938817632316084,
        "partly_cloudy": 0.7326218632823767,
        "cultivation": 0.15510948905109492,
        "habitation": 0.19442743417023883,
        "haze": 0.5234732031574574,
        "cloudy": 0.6943727413526072,
        "bare_ground": 0.0,
        "selective_logging": 0.0,
        "artisinal_mine": 0.3620689655172414,
        "blooming": 0.0,
        "slash_burn": 0.0,
        "conventional_mine": 0.0,
        "blow_down": 0.0
    },
    "time_feature_extraction": 57.78607225418091,
    "time_training": 42.88665699958801
}