{
    "mean_f2": 0.7235150526386347,
    "per_class_f2": {
        "primary": 0.9843294747617922,
        "clear": 0.9046103296026285,
        "agriculture": 0.613023641642472,
        "road": 0.3609022556390977,
        "water": 0.08431565160445319,
        "partly_cloudy": 0.5144884683619161,
        "cultivation": 0.004110715264456015,
        "habitation": 0.0016165535079211122,
        "haze": 0.0,
        "cloudy": 0.17538644470868014,
        "bare_ground": 0.0,
        "selective_logging": 0.0,
        "artisinal_mine": 0.0,
        "blooming": 0.0,
        "slash_burn": 0.0,
        "conventional_mine": 0.0,
        "blow_down": 0.0
    },
    "time_feature_extraction": 754.1740291118622,
    "time_training": 181.4773588180542
}