{
    "mean_f2": 0.7761878598542622,
    "per_class_f2": {
        "primary": 0.9826018189007514,
        "clear": 0.9403087478559177,
        "agriculture": 0.6898279605812593,
        "road": 0.4985415009281357,
        "water": 0.22827804107424962,
        "partly_cloudy": 0.7327089337175792,
        "cultivation": 0.04607046070460705,
        "habitation": 0.43616406701328714,
        "haze": 0.004837929366231253,
        "cloudy": 0.36797752808988765,
        "bare_ground": 0.0,
        "selective_logging": 0.0,
        "artisinal_mine": 0.1098901098901099,
        "blooming": 0.0,
        "slash_burn": 0.0,
        "conventional_mine": 0.0,
        "blow_down": 0.0
    },
    "time_feature_extraction": 264.4792580604553,
    "time_training": 31.588860988616943
}