{
    "mean_f2": 0.7437195719463499,
    "per_class_f2": {
        "primary": 0.977699963140435,
        "clear": 0.9036966307461467,
        "agriculture": 0.638946068340881,
        "road": 0.425242718446602,
        "water": 0.30683192261185005,
        "partly_cloudy": 0.6065693430656934,
        "cultivation": 0.05197228144989338,
        "habitation": 0.20274299344066787,
        "haze": 0.009505703422053232,
        "cloudy": 0.25112866817155755,
        "bare_ground": 0.0,
        "selective_logging": 0.0,
        "artisinal_mine": 0.03676470588235294,
        "blooming": 0.0,
        "slash_burn": 0.0,
        "conventional_mine": 0.0,
        "blow_down": 0.0
    },
    "time_feature_extraction": 191.60220003128052,
    "time_training": 19.723798036575317
}