{
    "mean_f2": 0.7046930125914463,
    "per_class_f2": {
        "primary": 0.9818029041829688,
        "clear": 0.8770549435832189,
        "agriculture": 0.5451726449882668,
        "road": 0.25335524513831825,
        "water": 0.4983969688137569,
        "partly_cloudy": 0.21049274437888696,
        "cultivation": 0.009549795361527967,
        "habitation": 0.01285760205721633,
        "haze": 0.0,
        "cloudy": 0.12767220902612827,
        "bare_ground": 0.0,
        "selective_logging": 0.0,
        "artisinal_mine": 0.0,
        "blooming": 0.0,
        "slash_burn": 0.0,
        "conventional_mine": 0.0,
        "blow_down": 0.0
    },
    "time_feature_extraction": 103.53376293182373,
    "time_training": 20.64406394958496
}