{
    "mean_f2": 0.7812362080288053,
    "per_class_f2": {
        "primary": 0.9839166203740445,
        "clear": 0.9300335455603478,
        "agriculture": 0.6456090174966354,
        "road": 0.4791694396379608,
        "water": 0.4165422514183338,
        "partly_cloudy": 0.5410927803844408,
        "cultivation": 0.0013732491073880802,
        "habitation": 0.1745635910224439,
        "haze": 0.31961471103327493,
        "cloudy": 0.6595964821520952,
        "bare_ground": 0.0,
        "selective_logging": 0.0,
        "artisinal_mine": 0.21582733812949642,
        "blooming": 0.0,
        "slash_burn": 0.0,
        "conventional_mine": 0.0,
        "blow_down": 0.0
    },
    "time_feature_extraction": 258.67570900917053,
    "time_training": 43.18902826309204
}