{
    "mean_f2": 0.8059831062793835,
    "per_class_f2": {
        "primary": 0.9858392116456632,
        "clear": 0.9527578020163093,
        "agriculture": 0.7230311052283255,
        "road": 0.53187277286525,
        "water": 0.4473684210526315,
        "partly_cloudy": 0.6789031402034498,
        "cultivation": 0.03540305010893246,
        "habitation": 0.29723991507430997,
        "haze": 0.33570475767007557,
        "cloudy": 0.5901287553648068,
        "bare_ground": 0.0,
        "selective_logging": 0.0,
        "artisinal_mine": 0.16423357664233573,
        "blooming": 0.0,
        "slash_burn": 0.0,
        "conventional_mine": 0.0,
        "blow_down": 0.0
    },
    "time_feature_extraction": 821.0002708435059,
    "time_training": 147.92414474487305
}