{
    "mean_f2": 0.829636384758213,
    "per_class_f2": {
        "primary": 0.9861577958341051,
        "clear": 0.9563810376286708,
        "agriculture": 0.7381385352950901,
        "road": 0.5536737884314747,
        "water": 0.5592057234632795,
        "partly_cloudy": 0.7082111436950146,
        "cultivation": 0.106439595529537,
        "habitation": 0.22608428175945863,
        "haze": 0.499790004199916,
        "cloudy": 0.7514009169638308,
        "bare_ground": 0.006925207756232688,
        "selective_logging": 0.0,
        "artisinal_mine": 0.44067796610169485,
        "blooming": 0.0,
        "slash_burn": 0.0,
        "conventional_mine": 0.0,
        "blow_down": 0.0
    },
    "time_feature_extraction": 325.20620584487915,
    "time_training": 60.63378405570984
}